Curve,exp,long.range-1,long.range-2,mid.range-1,rowid,short.range-1,short.range-2
curve.two,00_Breakage/Ancient_DNA/Altai_Neandertal,,,,ranges,13.5538591558871,
curve.one,00_Breakage/Ancient_DNA/Altai_Neandertal,327.645212448772,,,ranges,,
curve.two,00_Breakage/Ancient_DNA/Altai_Neandertal,,,,peak.intensity,92.0895603369937,
curve.one,00_Breakage/Ancient_DNA/Altai_Neandertal,7.91043966300629,,,peak.intensity,,
curve.two,00_Breakage/Ancient_DNA/Altai_Neandertal,,,,contribution,91.1002687796843,
curve.one,00_Breakage/Ancient_DNA/Altai_Neandertal,8.89973122031569,,,contribution,,
curve.two,00_Breakage/Ancient_DNA/Chagyrskaya_Neandertal,,,,ranges,13.0419600738045,
curve.one,00_Breakage/Ancient_DNA/Chagyrskaya_Neandertal,526.509697368492,,,ranges,,
curve.two,00_Breakage/Ancient_DNA/Chagyrskaya_Neandertal,,,,peak.intensity,91.2780496069883,
curve.one,00_Breakage/Ancient_DNA/Chagyrskaya_Neandertal,8.72195039301171,,,peak.intensity,,
curve.two,00_Breakage/Ancient_DNA/Chagyrskaya_Neandertal,,,,contribution,90.683953102017,
curve.one,00_Breakage/Ancient_DNA/Chagyrskaya_Neandertal,9.31604689798298,,,contribution,,
curve.two,00_Breakage/Ancient_DNA/Denisovan_Genome,,,,ranges,14.0022052960519,
curve.one,00_Breakage/Ancient_DNA/Denisovan_Genome,228.901682625808,,,ranges,,
curve.two,00_Breakage/Ancient_DNA/Denisovan_Genome,,,,peak.intensity,89.8687616389652,
curve.one,00_Breakage/Ancient_DNA/Denisovan_Genome,10.1312383610348,,,peak.intensity,,
curve.two,00_Breakage/Ancient_DNA/Denisovan_Genome,,,,contribution,91.0194571539285,
curve.one,00_Breakage/Ancient_DNA/Denisovan_Genome,8.98054284607156,,,contribution,,
curve.two,00_Breakage/Ancient_DNA/Ust_Ishim,,,,ranges,13.2642534506181,
curve.one,00_Breakage/Ancient_DNA/Ust_Ishim,280.959717897243,,,ranges,,
curve.two,00_Breakage/Ancient_DNA/Ust_Ishim,,,,peak.intensity,91.0238582173802,
curve.one,00_Breakage/Ancient_DNA/Ust_Ishim,8.9761417826198,,,peak.intensity,,
curve.two,00_Breakage/Ancient_DNA/Ust_Ishim,,,,contribution,88.8362692838158,
curve.one,00_Breakage/Ancient_DNA/Ust_Ishim,11.1637307161842,,,contribution,,
curve.two,00_Breakage/Ancient_DNA/Vindija_Neandertal,,,,ranges,13.1372629785239,
curve.one,00_Breakage/Ancient_DNA/Vindija_Neandertal,287.056602141449,,,ranges,,
curve.two,00_Breakage/Ancient_DNA/Vindija_Neandertal,,,,peak.intensity,91.9481547026387,
curve.one,00_Breakage/Ancient_DNA/Vindija_Neandertal,8.05184529736125,,,peak.intensity,,
curve.two,00_Breakage/Ancient_DNA/Vindija_Neandertal,,,,contribution,90.759413606811,
curve.one,00_Breakage/Ancient_DNA/Vindija_Neandertal,9.24058639318896,,,contribution,,
curve.two,00_Breakage/CCseq/RPE-1_Top2-linked_DNA_DSBs/WG13-WG21_RPE1_WT_G1_UT,,,,ranges,15.0372140491364,
curve.one,00_Breakage/CCseq/RPE-1_Top2-linked_DNA_DSBs/WG13-WG21_RPE1_WT_G1_UT,1734.43099999587,,,ranges,,
curve.two,00_Breakage/CCseq/RPE-1_Top2-linked_DNA_DSBs/WG13-WG21_RPE1_WT_G1_UT,,,,peak.intensity,8.3177714301281,
curve.one,00_Breakage/CCseq/RPE-1_Top2-linked_DNA_DSBs/WG13-WG21_RPE1_WT_G1_UT,91.6822285698719,,,peak.intensity,,
curve.two,00_Breakage/CCseq/RPE-1_Top2-linked_DNA_DSBs/WG13-WG21_RPE1_WT_G1_UT,,,,contribution,10.0541783934749,
curve.one,00_Breakage/CCseq/RPE-1_Top2-linked_DNA_DSBs/WG13-WG21_RPE1_WT_G1_UT,89.9458216065252,,,contribution,,
curve.three,00_Breakage/CCseq/RPE-1_Top2-linked_DNA_DSBs/WG14-WG22_RPE1_WT_G1_VP16,,,,ranges,19.7225460440546,
curve.two,00_Breakage/CCseq/RPE-1_Top2-linked_DNA_DSBs/WG14-WG22_RPE1_WT_G1_VP16,,,73.853708647875,ranges,,
curve.one,00_Breakage/CCseq/RPE-1_Top2-linked_DNA_DSBs/WG14-WG22_RPE1_WT_G1_VP16,290.616545215879,,,ranges,,
curve.three,00_Breakage/CCseq/RPE-1_Top2-linked_DNA_DSBs/WG14-WG22_RPE1_WT_G1_VP16,,,,peak.intensity,26.6849772956068,
curve.two,00_Breakage/CCseq/RPE-1_Top2-linked_DNA_DSBs/WG14-WG22_RPE1_WT_G1_VP16,,,5.89057641586172,peak.intensity,,
curve.one,00_Breakage/CCseq/RPE-1_Top2-linked_DNA_DSBs/WG14-WG22_RPE1_WT_G1_VP16,67.4244462885315,,,peak.intensity,,
curve.three,00_Breakage/CCseq/RPE-1_Top2-linked_DNA_DSBs/WG14-WG22_RPE1_WT_G1_VP16,,,,contribution,24.1846046138567,
curve.two,00_Breakage/CCseq/RPE-1_Top2-linked_DNA_DSBs/WG14-WG22_RPE1_WT_G1_VP16,,,19.991219075613,contribution,,
curve.one,00_Breakage/CCseq/RPE-1_Top2-linked_DNA_DSBs/WG14-WG22_RPE1_WT_G1_VP16,55.8241763105303,,,contribution,,
curve.two,00_Breakage/CCseq/RPE-1_Top2-linked_DNA_DSBs/WG17-WG25A_RPE1_T2B_G1_UT,,,,ranges,15.085299702032,
curve.one,00_Breakage/CCseq/RPE-1_Top2-linked_DNA_DSBs/WG17-WG25A_RPE1_T2B_G1_UT,1193.00539066262,,,ranges,,
curve.two,00_Breakage/CCseq/RPE-1_Top2-linked_DNA_DSBs/WG17-WG25A_RPE1_T2B_G1_UT,,,,peak.intensity,11.4837130593779,
curve.one,00_Breakage/CCseq/RPE-1_Top2-linked_DNA_DSBs/WG17-WG25A_RPE1_T2B_G1_UT,88.5162869406221,,,peak.intensity,,
curve.two,00_Breakage/CCseq/RPE-1_Top2-linked_DNA_DSBs/WG17-WG25A_RPE1_T2B_G1_UT,,,,contribution,15.895171096483,
curve.one,00_Breakage/CCseq/RPE-1_Top2-linked_DNA_DSBs/WG17-WG25A_RPE1_T2B_G1_UT,84.104828903517,,,contribution,,
curve.two,00_Breakage/CCseq/RPE-1_Top2-linked_DNA_DSBs/WG18-WG26_RPE1_T2B_G1_VP16,,,,ranges,18.4068103664626,
curve.one,00_Breakage/CCseq/RPE-1_Top2-linked_DNA_DSBs/WG18-WG26_RPE1_T2B_G1_VP16,1250.88914547005,,,ranges,,
curve.two,00_Breakage/CCseq/RPE-1_Top2-linked_DNA_DSBs/WG18-WG26_RPE1_T2B_G1_VP16,,,,peak.intensity,9.62019984334615,
curve.one,00_Breakage/CCseq/RPE-1_Top2-linked_DNA_DSBs/WG18-WG26_RPE1_T2B_G1_VP16,90.3798001566538,,,peak.intensity,,
curve.two,00_Breakage/CCseq/RPE-1_Top2-linked_DNA_DSBs/WG18-WG26_RPE1_T2B_G1_VP16,,,,contribution,14.3580474782888,
curve.one,00_Breakage/CCseq/RPE-1_Top2-linked_DNA_DSBs/WG18-WG26_RPE1_T2B_G1_VP16,85.6419525217112,,,contribution,,
curve.one,00_Breakage/cfDNA/Bladder_cancer,,,,ranges,12.1744440711427,
curve.two,00_Breakage/cfDNA/Bladder_cancer,,,67.6103862468123,ranges,,
curve.three,00_Breakage/cfDNA/Bladder_cancer,228.59449357218,,,ranges,,
curve.one,00_Breakage/cfDNA/Bladder_cancer,,,,peak.intensity,82.7346932730641,
curve.two,00_Breakage/cfDNA/Bladder_cancer,,,9.03284950790906,peak.intensity,,
curve.three,00_Breakage/cfDNA/Bladder_cancer,8.23245721902683,,,peak.intensity,,
curve.one,00_Breakage/cfDNA/Bladder_cancer,,,,contribution,23.0526558987377,
curve.two,00_Breakage/cfDNA/Bladder_cancer,,,18.8528797054177,contribution,,
curve.three,00_Breakage/cfDNA/Bladder_cancer,58.0944643958446,,,contribution,,
curve.one,00_Breakage/cfDNA/Breast_cancer_Invasive_infiltratingductal,,,,ranges,12.5911088624927,
curve.two,00_Breakage/cfDNA/Breast_cancer_Invasive_infiltratingductal,,,71.1957398122362,ranges,,
curve.three,00_Breakage/cfDNA/Breast_cancer_Invasive_infiltratingductal,230.754755996997,,,ranges,,
curve.one,00_Breakage/cfDNA/Breast_cancer_Invasive_infiltratingductal,,,,peak.intensity,84.7735158520258,
curve.two,00_Breakage/cfDNA/Breast_cancer_Invasive_infiltratingductal,,,7.88712090615539,peak.intensity,,
curve.three,00_Breakage/cfDNA/Breast_cancer_Invasive_infiltratingductal,7.33936324181878,,,peak.intensity,,
curve.one,00_Breakage/cfDNA/Breast_cancer_Invasive_infiltratingductal,,,,contribution,26.0702377565505,
curve.two,00_Breakage/cfDNA/Breast_cancer_Invasive_infiltratingductal,,,18.4086397932783,contribution,,
curve.three,00_Breakage/cfDNA/Breast_cancer_Invasive_infiltratingductal,55.5211224501712,,,contribution,,
curve.one,00_Breakage/cfDNA/Colorectal_cancer,,,,ranges,11.7084464628735,
curve.two,00_Breakage/cfDNA/Colorectal_cancer,,,64.5291914708225,ranges,,
curve.three,00_Breakage/cfDNA/Colorectal_cancer,219.080723616191,,,ranges,,
curve.one,00_Breakage/cfDNA/Colorectal_cancer,,,,peak.intensity,81.8316268508529,
curve.two,00_Breakage/cfDNA/Colorectal_cancer,,,9.01810800190196,peak.intensity,,
curve.three,00_Breakage/cfDNA/Colorectal_cancer,9.1502651472451,,,peak.intensity,,
curve.one,00_Breakage/cfDNA/Colorectal_cancer,,,,contribution,21.3018548284705,
curve.two,00_Breakage/cfDNA/Colorectal_cancer,,,17.7055974151792,contribution,,
curve.three,00_Breakage/cfDNA/Colorectal_cancer,60.9925477563503,,,contribution,,
curve.one,00_Breakage/cfDNA/Crohns_disease,,,,ranges,11.988180588037,
curve.two,00_Breakage/cfDNA/Crohns_disease,,,72.2737844792322,ranges,,
curve.three,00_Breakage/cfDNA/Crohns_disease,226.053604604005,,,ranges,,
curve.one,00_Breakage/cfDNA/Crohns_disease,,,,peak.intensity,83.4766558382125,
curve.two,00_Breakage/cfDNA/Crohns_disease,,,8.55711267901559,peak.intensity,,
curve.three,00_Breakage/cfDNA/Crohns_disease,7.96623148277195,,,peak.intensity,,
curve.one,00_Breakage/cfDNA/Crohns_disease,,,,contribution,21.8949045066728,
curve.two,00_Breakage/cfDNA/Crohns_disease,,,19.9667149794708,contribution,,
curve.three,00_Breakage/cfDNA/Crohns_disease,58.1383805138564,,,contribution,,
curve.one,00_Breakage/cfDNA/Esophageal_cancer,,,,ranges,10.9551283595639,
curve.two,00_Breakage/cfDNA/Esophageal_cancer,,,82.9510522445294,ranges,,
curve.three,00_Breakage/cfDNA/Esophageal_cancer,240.293630515263,,,ranges,,
curve.one,00_Breakage/cfDNA/Esophageal_cancer,,,,peak.intensity,86.064225520544,
curve.two,00_Breakage/cfDNA/Esophageal_cancer,,,7.88465861815387,peak.intensity,,
curve.three,00_Breakage/cfDNA/Esophageal_cancer,6.05111586130214,,,peak.intensity,,
curve.one,00_Breakage/cfDNA/Esophageal_cancer,,,,contribution,23.9080258106331,
curve.two,00_Breakage/cfDNA/Esophageal_cancer,,,23.607796898659,contribution,,
curve.three,00_Breakage/cfDNA/Esophageal_cancer,52.4841772907079,,,contribution,,
curve.one,00_Breakage/cfDNA/Head_and_neck_cancer,,,,ranges,11.6347086047348,
curve.two,00_Breakage/cfDNA/Head_and_neck_cancer,,,67.6762150961319,ranges,,
curve.three,00_Breakage/cfDNA/Head_and_neck_cancer,222.308981771585,,,ranges,,
curve.one,00_Breakage/cfDNA/Head_and_neck_cancer,,,,peak.intensity,82.6708424702672,
curve.two,00_Breakage/cfDNA/Head_and_neck_cancer,,,8.670418337032,peak.intensity,,
curve.three,00_Breakage/cfDNA/Head_and_neck_cancer,8.65873919270084,,,peak.intensity,,
curve.one,00_Breakage/cfDNA/Head_and_neck_cancer,,,,contribution,21.5493268558526,
curve.two,00_Breakage/cfDNA/Head_and_neck_cancer,,,18.3276006288441,contribution,,
curve.three,00_Breakage/cfDNA/Head_and_neck_cancer,60.1230725153032,,,contribution,,
curve.one,00_Breakage/cfDNA/Healthy,,,,ranges,13.4150372975265,
curve.two,00_Breakage/cfDNA/Healthy,,,103.975728962571,ranges,,
curve.three,00_Breakage/cfDNA/Healthy,313.351726534737,,,ranges,,
curve.one,00_Breakage/cfDNA/Healthy,,,,peak.intensity,74.7260376703408,
curve.two,00_Breakage/cfDNA/Healthy,,,13.0521934112441,peak.intensity,,
curve.three,00_Breakage/cfDNA/Healthy,12.2217689184152,,,peak.intensity,,
curve.one,00_Breakage/cfDNA/Healthy,,,,contribution,15.3344894053052,
curve.two,00_Breakage/cfDNA/Healthy,,,22.1523864131201,contribution,,
curve.three,00_Breakage/cfDNA/Healthy,62.5131241815747,,,contribution,,
curve.one,00_Breakage/cfDNA/Kidney_cancer_Clear_cell,,,,ranges,11.6886898160713,
curve.two,00_Breakage/cfDNA/Kidney_cancer_Clear_cell,,,66.79801739909,ranges,,
curve.three,00_Breakage/cfDNA/Kidney_cancer_Clear_cell,224.432117946236,,,ranges,,
curve.one,00_Breakage/cfDNA/Kidney_cancer_Clear_cell,,,,peak.intensity,83.6082739487235,
curve.two,00_Breakage/cfDNA/Kidney_cancer_Clear_cell,,,8.62855592625065,peak.intensity,,
curve.three,00_Breakage/cfDNA/Kidney_cancer_Clear_cell,7.76317012502581,,,peak.intensity,,
curve.one,00_Breakage/cfDNA/Kidney_cancer_Clear_cell,,,,contribution,23.5057394818949,
curve.two,00_Breakage/cfDNA/Kidney_cancer_Clear_cell,,,19.0147506838545,contribution,,
curve.three,00_Breakage/cfDNA/Kidney_cancer_Clear_cell,57.4795098342506,,,contribution,,
curve.one,00_Breakage/cfDNA/Lung_cancer_Adenocarcinoma,,,,ranges,11.9964960054688,
curve.two,00_Breakage/cfDNA/Lung_cancer_Adenocarcinoma,,,68.0759564369078,ranges,,
curve.three,00_Breakage/cfDNA/Lung_cancer_Adenocarcinoma,222.320314455203,,,ranges,,
curve.one,00_Breakage/cfDNA/Lung_cancer_Adenocarcinoma,,,,peak.intensity,84.0287929750917,
curve.two,00_Breakage/cfDNA/Lung_cancer_Adenocarcinoma,,,8.24163662989482,peak.intensity,,
curve.three,00_Breakage/cfDNA/Lung_cancer_Adenocarcinoma,7.72957039501344,,,peak.intensity,,
curve.one,00_Breakage/cfDNA/Lung_cancer_Adenocarcinoma,,,,contribution,23.2535129102996,
curve.two,00_Breakage/cfDNA/Lung_cancer_Adenocarcinoma,,,18.8897643230883,contribution,,
curve.three,00_Breakage/cfDNA/Lung_cancer_Adenocarcinoma,57.8567227666121,,,contribution,,
curve.one,00_Breakage/cfDNA/Ovarian_cancer,,,,ranges,12.2849859325826,
curve.two,00_Breakage/cfDNA/Ovarian_cancer,,,71.0131449483661,ranges,,
curve.three,00_Breakage/cfDNA/Ovarian_cancer,227.534292150223,,,ranges,,
curve.one,00_Breakage/cfDNA/Ovarian_cancer,,,,peak.intensity,83.5958842159814,
curve.two,00_Breakage/cfDNA/Ovarian_cancer,,,8.01632009256984,peak.intensity,,
curve.three,00_Breakage/cfDNA/Ovarian_cancer,8.38779569144876,,,peak.intensity,,
curve.one,00_Breakage/cfDNA/Ovarian_cancer,,,,contribution,23.1895406664331,
curve.two,00_Breakage/cfDNA/Ovarian_cancer,,,17.6470553369255,contribution,,
curve.three,00_Breakage/cfDNA/Ovarian_cancer,59.1634039966415,,,contribution,,
curve.three,00_Breakage/cfDNA/Pancreatic_cancer_Ductal_adenocarcinoma,,,,ranges,12.1392787865121,
curve.two,00_Breakage/cfDNA/Pancreatic_cancer_Ductal_adenocarcinoma,,,85.8986213600309,ranges,,
curve.one,00_Breakage/cfDNA/Pancreatic_cancer_Ductal_adenocarcinoma,259.631507526111,,,ranges,,
curve.three,00_Breakage/cfDNA/Pancreatic_cancer_Ductal_adenocarcinoma,,,,peak.intensity,63.3995731598139,
curve.two,00_Breakage/cfDNA/Pancreatic_cancer_Ductal_adenocarcinoma,,,6.33777305832831,peak.intensity,,
curve.one,00_Breakage/cfDNA/Pancreatic_cancer_Ductal_adenocarcinoma,30.2626537818578,,,peak.intensity,,
curve.three,00_Breakage/cfDNA/Pancreatic_cancer_Ductal_adenocarcinoma,,,,contribution,31.7633909003632,
curve.two,00_Breakage/cfDNA/Pancreatic_cancer_Ductal_adenocarcinoma,,,22.4683157057029,contribution,,
curve.one,00_Breakage/cfDNA/Pancreatic_cancer_Ductal_adenocarcinoma,45.7682933939339,,,contribution,,
curve.one,00_Breakage/cfDNA/Prostate_cancer,,,,ranges,11.7198347430812,
curve.two,00_Breakage/cfDNA/Prostate_cancer,,,68.1131549291495,ranges,,
curve.three,00_Breakage/cfDNA/Prostate_cancer,222.446499831496,,,ranges,,
curve.one,00_Breakage/cfDNA/Prostate_cancer,,,,peak.intensity,82.2316687823582,
curve.two,00_Breakage/cfDNA/Prostate_cancer,,,8.65600249686002,peak.intensity,,
curve.three,00_Breakage/cfDNA/Prostate_cancer,9.11232872078175,,,peak.intensity,,
curve.one,00_Breakage/cfDNA/Prostate_cancer,,,,contribution,21.4100357110569,
curve.two,00_Breakage/cfDNA/Prostate_cancer,,,17.708396663969,contribution,,
curve.three,00_Breakage/cfDNA/Prostate_cancer,60.8815676249741,,,contribution,,
curve.one,00_Breakage/cfDNA/Skin_cancer_Melanoma,,,,ranges,12.182108306988,
curve.two,00_Breakage/cfDNA/Skin_cancer_Melanoma,,,68.3831879413111,ranges,,
curve.three,00_Breakage/cfDNA/Skin_cancer_Melanoma,222.271939227847,,,ranges,,
curve.one,00_Breakage/cfDNA/Skin_cancer_Melanoma,,,,peak.intensity,82.9889991788403,
curve.two,00_Breakage/cfDNA/Skin_cancer_Melanoma,,,8.0411833486004,peak.intensity,,
curve.three,00_Breakage/cfDNA/Skin_cancer_Melanoma,8.96981747255928,,,peak.intensity,,
curve.one,00_Breakage/cfDNA/Skin_cancer_Melanoma,,,,contribution,22.6831880868586,
curve.two,00_Breakage/cfDNA/Skin_cancer_Melanoma,,,16.7144054722618,contribution,,
curve.three,00_Breakage/cfDNA/Skin_cancer_Melanoma,60.6024064408796,,,contribution,,
curve.one,00_Breakage/cfDNA/Systemic_Lupus_Erythematosus,,,,ranges,12.6478781134293,
curve.two,00_Breakage/cfDNA/Systemic_Lupus_Erythematosus,,,106.359363615234,ranges,,
curve.three,00_Breakage/cfDNA/Systemic_Lupus_Erythematosus,288.626878074229,,,ranges,,
curve.one,00_Breakage/cfDNA/Systemic_Lupus_Erythematosus,,,,peak.intensity,75.6654431074345,
curve.two,00_Breakage/cfDNA/Systemic_Lupus_Erythematosus,,,13.3089356248948,peak.intensity,,
curve.three,00_Breakage/cfDNA/Systemic_Lupus_Erythematosus,11.0256212676707,,,peak.intensity,,
curve.one,00_Breakage/cfDNA/Systemic_Lupus_Erythematosus,,,,contribution,15.6257692524407,
curve.two,00_Breakage/cfDNA/Systemic_Lupus_Erythematosus,,,25.9762743250906,contribution,,
curve.three,00_Breakage/cfDNA/Systemic_Lupus_Erythematosus,58.3979564224687,,,contribution,,
curve.one,00_Breakage/cfDNA/Testicular_cancer_Seminomatous,,,,ranges,11.6391317253608,
curve.two,00_Breakage/cfDNA/Testicular_cancer_Seminomatous,,,69.0187652922393,ranges,,
curve.three,00_Breakage/cfDNA/Testicular_cancer_Seminomatous,227.534854393755,,,ranges,,
curve.one,00_Breakage/cfDNA/Testicular_cancer_Seminomatous,,,,peak.intensity,82.8875144949902,
curve.two,00_Breakage/cfDNA/Testicular_cancer_Seminomatous,,,9.151217045251,peak.intensity,,
curve.three,00_Breakage/cfDNA/Testicular_cancer_Seminomatous,7.96126845975881,,,peak.intensity,,
curve.one,00_Breakage/cfDNA/Testicular_cancer_Seminomatous,,,,contribution,21.8880321101347,
curve.two,00_Breakage/cfDNA/Testicular_cancer_Seminomatous,,,20.1942345901744,contribution,,
curve.three,00_Breakage/cfDNA/Testicular_cancer_Seminomatous,57.9177332996909,,,contribution,,
curve.one,00_Breakage/cfDNA/Ulcerative_Colitis,,,,ranges,11.984845318936,
curve.two,00_Breakage/cfDNA/Ulcerative_Colitis,,,76.4985662763768,ranges,,
curve.three,00_Breakage/cfDNA/Ulcerative_Colitis,235.547957778914,,,ranges,,
curve.one,00_Breakage/cfDNA/Ulcerative_Colitis,,,,peak.intensity,84.0690515251156,
curve.two,00_Breakage/cfDNA/Ulcerative_Colitis,,,8.89817701938316,peak.intensity,,
curve.three,00_Breakage/cfDNA/Ulcerative_Colitis,7.03277145550124,,,peak.intensity,,
curve.one,00_Breakage/cfDNA/Ulcerative_Colitis,,,,contribution,22.0611195937172,
curve.two,00_Breakage/cfDNA/Ulcerative_Colitis,,,22.6987960461506,contribution,,
curve.three,00_Breakage/cfDNA/Ulcerative_Colitis,55.2400843601322,,,contribution,,
curve.one,00_Breakage/cfDNA/Uterine_cancer,,,,ranges,11.7906423833523,
curve.two,00_Breakage/cfDNA/Uterine_cancer,,,75.9137329393604,ranges,,
curve.three,00_Breakage/cfDNA/Uterine_cancer,232.992679006507,,,ranges,,
curve.one,00_Breakage/cfDNA/Uterine_cancer,,,,peak.intensity,83.7028685544298,
curve.two,00_Breakage/cfDNA/Uterine_cancer,,,8.920034426536,peak.intensity,,
curve.three,00_Breakage/cfDNA/Uterine_cancer,7.37709701903423,,,peak.intensity,,
curve.one,00_Breakage/cfDNA/Uterine_cancer,,,,contribution,22.6434941045852,
curve.two,00_Breakage/cfDNA/Uterine_cancer,,,21.862693624782,contribution,,
curve.three,00_Breakage/cfDNA/Uterine_cancer,55.4938122706328,,,contribution,,
curve.two,00_Breakage/Enzymatic/AsiSI_AID-DlvA_cells,,,,ranges,6.55072205090565,
curve.one,00_Breakage/Enzymatic/AsiSI_AID-DlvA_cells,173.886790010242,,,ranges,,
curve.two,00_Breakage/Enzymatic/AsiSI_AID-DlvA_cells,,,,peak.intensity,79.3894905574511,
curve.one,00_Breakage/Enzymatic/AsiSI_AID-DlvA_cells,20.6105094425489,,,peak.intensity,,
curve.two,00_Breakage/Enzymatic/AsiSI_AID-DlvA_cells,,,,contribution,40.7387864483135,
curve.one,00_Breakage/Enzymatic/AsiSI_AID-DlvA_cells,59.2612135516865,,,contribution,,
curve.one,00_Breakage/Enzymatic/EcoRV_HeLa_cells,,,,ranges,5.64084628202393,
curve.two,00_Breakage/Enzymatic/EcoRV_HeLa_cells,,,,ranges,,6.95406181056859
curve.one,00_Breakage/Enzymatic/EcoRV_HeLa_cells,,,,peak.intensity,77.3873986854285,
curve.two,00_Breakage/Enzymatic/EcoRV_HeLa_cells,,,,peak.intensity,,22.6126013145715
curve.one,00_Breakage/Enzymatic/EcoRV_HeLa_cells,,,,contribution,72.9048567660501,
curve.two,00_Breakage/Enzymatic/EcoRV_HeLa_cells,,,,contribution,,27.0951432339499
curve.one,00_Breakage/Enzymatic/Nt_BbvCI_K562_cells/NT,,,,ranges,11.5125388892539,
curve.two,00_Breakage/Enzymatic/Nt_BbvCI_K562_cells/NT,,,48.9851845126357,ranges,,
curve.three,00_Breakage/Enzymatic/Nt_BbvCI_K562_cells/NT,235.616883945807,,,ranges,,
curve.one,00_Breakage/Enzymatic/Nt_BbvCI_K562_cells/NT,,,,peak.intensity,65.3530117684784,
curve.two,00_Breakage/Enzymatic/Nt_BbvCI_K562_cells/NT,,,13.0972242987463,peak.intensity,,
curve.three,00_Breakage/Enzymatic/Nt_BbvCI_K562_cells/NT,21.5497639327754,,,peak.intensity,,
curve.one,00_Breakage/Enzymatic/Nt_BbvCI_K562_cells/NT,,,,contribution,10.9268171302248,
curve.two,00_Breakage/Enzymatic/Nt_BbvCI_K562_cells/NT,,,9.99232314423318,contribution,,
curve.three,00_Breakage/Enzymatic/Nt_BbvCI_K562_cells/NT,79.080859725542,,,contribution,,
curve.one,00_Breakage/Enzymatic/Nt_BbvCI_K562_cells/Sap,,,,ranges,11.5125388892539,
curve.two,00_Breakage/Enzymatic/Nt_BbvCI_K562_cells/Sap,,,48.9851845126357,ranges,,
curve.three,00_Breakage/Enzymatic/Nt_BbvCI_K562_cells/Sap,235.616883945807,,,ranges,,
curve.one,00_Breakage/Enzymatic/Nt_BbvCI_K562_cells/Sap,,,,peak.intensity,65.3530117684784,
curve.two,00_Breakage/Enzymatic/Nt_BbvCI_K562_cells/Sap,,,13.0972242987463,peak.intensity,,
curve.three,00_Breakage/Enzymatic/Nt_BbvCI_K562_cells/Sap,21.5497639327754,,,peak.intensity,,
curve.one,00_Breakage/Enzymatic/Nt_BbvCI_K562_cells/Sap,,,,contribution,10.9268171302248,
curve.two,00_Breakage/Enzymatic/Nt_BbvCI_K562_cells/Sap,,,9.99232314423318,contribution,,
curve.three,00_Breakage/Enzymatic/Nt_BbvCI_K562_cells/Sap,79.080859725542,,,contribution,,
curve.one,00_Breakage/Enzymatic/Twist_library/C25cl48-cells,,,31.3070352919634,ranges,,
curve.three,00_Breakage/Enzymatic/Twist_library/C25cl48-cells,204.357779892329,,,ranges,,
curve.two,00_Breakage/Enzymatic/Twist_library/C25cl48-cells,,421.046727394434,,ranges,,
curve.one,00_Breakage/Enzymatic/Twist_library/C25cl48-cells,,,74.0467402921398,peak.intensity,,
curve.three,00_Breakage/Enzymatic/Twist_library/C25cl48-cells,20.0339735964558,,,peak.intensity,,
curve.two,00_Breakage/Enzymatic/Twist_library/C25cl48-cells,,5.91928611140437,,peak.intensity,,
curve.one,00_Breakage/Enzymatic/Twist_library/C25cl48-cells,,,23.1387864470947,contribution,,
curve.three,00_Breakage/Enzymatic/Twist_library/C25cl48-cells,47.7768789966671,,,contribution,,
curve.two,00_Breakage/Enzymatic/Twist_library/C25cl48-cells,,29.0843345562383,,contribution,,
curve.two,00_Breakage/Nebulization/1000_Genomes_exp_2,,,,ranges,12.1965526484684,
curve.three,00_Breakage/Nebulization/1000_Genomes_exp_2,,,105.385474753368,ranges,,
curve.one,00_Breakage/Nebulization/1000_Genomes_exp_2,389.567051272379,,,ranges,,
curve.two,00_Breakage/Nebulization/1000_Genomes_exp_2,,,,peak.intensity,38.6943683664158,
curve.three,00_Breakage/Nebulization/1000_Genomes_exp_2,,,7.35846430727856,peak.intensity,,
curve.one,00_Breakage/Nebulization/1000_Genomes_exp_2,53.9471673263057,,,peak.intensity,,
curve.two,00_Breakage/Nebulization/1000_Genomes_exp_2,,,,contribution,21.7099562336691,
curve.three,00_Breakage/Nebulization/1000_Genomes_exp_2,,,35.6731972576245,contribution,,
curve.one,00_Breakage/Nebulization/1000_Genomes_exp_2,42.6168465087064,,,contribution,,
curve.two,00_Breakage/Nebulization/1000_Genomes_exp_3,,,,ranges,13.7446954414398,
curve.three,00_Breakage/Nebulization/1000_Genomes_exp_3,126.093256573545,,,ranges,,
curve.one,00_Breakage/Nebulization/1000_Genomes_exp_3,,813.160865398318,,ranges,,
curve.two,00_Breakage/Nebulization/1000_Genomes_exp_3,,,,peak.intensity,32.3918543284053,
curve.three,00_Breakage/Nebulization/1000_Genomes_exp_3,6.39872973252918,,,peak.intensity,,
curve.one,00_Breakage/Nebulization/1000_Genomes_exp_3,,61.2094159390655,,peak.intensity,,
curve.two,00_Breakage/Nebulization/1000_Genomes_exp_3,,,,contribution,22.1433618637264,
curve.three,00_Breakage/Nebulization/1000_Genomes_exp_3,40.1289922719721,,,contribution,,
curve.one,00_Breakage/Nebulization/1000_Genomes_exp_3,,37.7276458643015,,contribution,,
curve.two,00_Breakage/Recombination_rates/genetic_map_GRCh37,,,,ranges,12.2701862411998,
curve.one,00_Breakage/Recombination_rates/genetic_map_GRCh37,1960,,,ranges,,
curve.two,00_Breakage/Recombination_rates/genetic_map_GRCh37,,,,peak.intensity,29.9322744684641,
curve.one,00_Breakage/Recombination_rates/genetic_map_GRCh37,70.0677255315359,,,peak.intensity,,
curve.two,00_Breakage/Recombination_rates/genetic_map_GRCh37,,,,contribution,33.9719256691818,
curve.one,00_Breakage/Recombination_rates/genetic_map_GRCh37,66.0280743308182,,,contribution,,
curve.two,00_Breakage/sBLISS/CD34_Top2_mediated_DSBs/DMSO_rep1,,,,ranges,12.3244721770246,
curve.one,00_Breakage/sBLISS/CD34_Top2_mediated_DSBs/DMSO_rep1,1934.62499210697,,,ranges,,
curve.two,00_Breakage/sBLISS/CD34_Top2_mediated_DSBs/DMSO_rep1,,,,peak.intensity,9.87753394192547,
curve.one,00_Breakage/sBLISS/CD34_Top2_mediated_DSBs/DMSO_rep1,90.1224660580745,,,peak.intensity,,
curve.two,00_Breakage/sBLISS/CD34_Top2_mediated_DSBs/DMSO_rep1,,,,contribution,12.0501561289416,
curve.one,00_Breakage/sBLISS/CD34_Top2_mediated_DSBs/DMSO_rep1,87.9498438710584,,,contribution,,
curve.two,00_Breakage/sBLISS/CD34_Top2_mediated_DSBs/DMSO_rep2,,,,ranges,12.4484612278242,
curve.one,00_Breakage/sBLISS/CD34_Top2_mediated_DSBs/DMSO_rep2,1915.48460917505,,,ranges,,
curve.two,00_Breakage/sBLISS/CD34_Top2_mediated_DSBs/DMSO_rep2,,,,peak.intensity,14.3856328080957,
curve.one,00_Breakage/sBLISS/CD34_Top2_mediated_DSBs/DMSO_rep2,85.6143671919043,,,peak.intensity,,
curve.two,00_Breakage/sBLISS/CD34_Top2_mediated_DSBs/DMSO_rep2,,,,contribution,15.023347019114,
curve.one,00_Breakage/sBLISS/CD34_Top2_mediated_DSBs/DMSO_rep2,84.976652980886,,,contribution,,
curve.one,00_Breakage/sBLISS/CD34_Top2_mediated_DSBs/ETO_rep1,,,,ranges,4.60294876527411,
curve.two,00_Breakage/sBLISS/CD34_Top2_mediated_DSBs/ETO_rep1,,,,ranges,,17.2695276527349
curve.three,00_Breakage/sBLISS/CD34_Top2_mediated_DSBs/ETO_rep1,147.356437689226,,,ranges,,
curve.one,00_Breakage/sBLISS/CD34_Top2_mediated_DSBs/ETO_rep1,,,,peak.intensity,31.8709651877397,
curve.two,00_Breakage/sBLISS/CD34_Top2_mediated_DSBs/ETO_rep1,,,,peak.intensity,,58.7253773088766
curve.three,00_Breakage/sBLISS/CD34_Top2_mediated_DSBs/ETO_rep1,9.40365750338367,,,peak.intensity,,
curve.one,00_Breakage/sBLISS/CD34_Top2_mediated_DSBs/ETO_rep1,,,,contribution,2.63965202232802,
curve.two,00_Breakage/sBLISS/CD34_Top2_mediated_DSBs/ETO_rep1,,,,contribution,,41.1438071969744
curve.three,00_Breakage/sBLISS/CD34_Top2_mediated_DSBs/ETO_rep1,56.2165407806976,,,contribution,,
curve.one,00_Breakage/sBLISS/CD34_Top2_mediated_DSBs/ETO_rep2,,,,ranges,4.87884472107518,
curve.two,00_Breakage/sBLISS/CD34_Top2_mediated_DSBs/ETO_rep2,,,,ranges,,17.7204839514914
curve.three,00_Breakage/sBLISS/CD34_Top2_mediated_DSBs/ETO_rep2,157.918352416361,,,ranges,,
curve.one,00_Breakage/sBLISS/CD34_Top2_mediated_DSBs/ETO_rep2,,,,peak.intensity,31.0116193287344,
curve.two,00_Breakage/sBLISS/CD34_Top2_mediated_DSBs/ETO_rep2,,,,peak.intensity,,58.8103754010468
curve.three,00_Breakage/sBLISS/CD34_Top2_mediated_DSBs/ETO_rep2,10.1780052702188,,,peak.intensity,,
curve.one,00_Breakage/sBLISS/CD34_Top2_mediated_DSBs/ETO_rep2,,,,contribution,2.66583848780446,
curve.two,00_Breakage/sBLISS/CD34_Top2_mediated_DSBs/ETO_rep2,,,,contribution,,38.2860342035523
curve.three,00_Breakage/sBLISS/CD34_Top2_mediated_DSBs/ETO_rep2,59.0481273086432,,,contribution,,
curve.two,00_Breakage/sBLISS/Colibactin_Ecoli_induced_DSBs/Caco-2_etoposide_rep1,,,,ranges,12.5886298056824,
curve.three,00_Breakage/sBLISS/Colibactin_Ecoli_induced_DSBs/Caco-2_etoposide_rep1,,,78.2547914414777,ranges,,
curve.one,00_Breakage/sBLISS/Colibactin_Ecoli_induced_DSBs/Caco-2_etoposide_rep1,429.059052636263,,,ranges,,
curve.two,00_Breakage/sBLISS/Colibactin_Ecoli_induced_DSBs/Caco-2_etoposide_rep1,,,,peak.intensity,35.7944696804973,
curve.three,00_Breakage/sBLISS/Colibactin_Ecoli_induced_DSBs/Caco-2_etoposide_rep1,,,6.6229036974267,peak.intensity,,
curve.one,00_Breakage/sBLISS/Colibactin_Ecoli_induced_DSBs/Caco-2_etoposide_rep1,57.582626622076,,,peak.intensity,,
curve.two,00_Breakage/sBLISS/Colibactin_Ecoli_induced_DSBs/Caco-2_etoposide_rep1,,,,contribution,28.736159507999,
curve.three,00_Breakage/sBLISS/Colibactin_Ecoli_induced_DSBs/Caco-2_etoposide_rep1,,,33.0516929289711,contribution,,
curve.one,00_Breakage/sBLISS/Colibactin_Ecoli_induced_DSBs/Caco-2_etoposide_rep1,38.2121475630299,,,contribution,,
curve.three,00_Breakage/sBLISS/Colibactin_Ecoli_induced_DSBs/Caco-2_etoposide_rep2,,,,ranges,13.386264250484,
curve.two,00_Breakage/sBLISS/Colibactin_Ecoli_induced_DSBs/Caco-2_etoposide_rep2,,,73.8487477707451,ranges,,
curve.one,00_Breakage/sBLISS/Colibactin_Ecoli_induced_DSBs/Caco-2_etoposide_rep2,341.36594211825,,,ranges,,
curve.three,00_Breakage/sBLISS/Colibactin_Ecoli_induced_DSBs/Caco-2_etoposide_rep2,,,,peak.intensity,37.9072942390517,
curve.two,00_Breakage/sBLISS/Colibactin_Ecoli_induced_DSBs/Caco-2_etoposide_rep2,,,11.3429290008744,peak.intensity,,
curve.one,00_Breakage/sBLISS/Colibactin_Ecoli_induced_DSBs/Caco-2_etoposide_rep2,50.7497767600739,,,peak.intensity,,
curve.three,00_Breakage/sBLISS/Colibactin_Ecoli_induced_DSBs/Caco-2_etoposide_rep2,,,,contribution,22.39939369285,
curve.two,00_Breakage/sBLISS/Colibactin_Ecoli_induced_DSBs/Caco-2_etoposide_rep2,,,36.9762131818551,contribution,,
curve.one,00_Breakage/sBLISS/Colibactin_Ecoli_induced_DSBs/Caco-2_etoposide_rep2,40.6243931252949,,,contribution,,
curve.two,00_Breakage/sBLISS/Colibactin_Ecoli_induced_DSBs/Caco-2_etoposide_rep3,,,,ranges,16.7834075493211,
curve.one,00_Breakage/sBLISS/Colibactin_Ecoli_induced_DSBs/Caco-2_etoposide_rep3,939.410025539066,,,ranges,,
curve.two,00_Breakage/sBLISS/Colibactin_Ecoli_induced_DSBs/Caco-2_etoposide_rep3,,,,peak.intensity,20.357253798446,
curve.one,00_Breakage/sBLISS/Colibactin_Ecoli_induced_DSBs/Caco-2_etoposide_rep3,79.642746201554,,,peak.intensity,,
curve.two,00_Breakage/sBLISS/Colibactin_Ecoli_induced_DSBs/Caco-2_etoposide_rep3,,,,contribution,27.9506985950863,
curve.one,00_Breakage/sBLISS/Colibactin_Ecoli_induced_DSBs/Caco-2_etoposide_rep3,72.0493014049137,,,contribution,,
curve.two,00_Breakage/sBLISS/Colibactin_Ecoli_induced_DSBs/Caco-2_etoposide_rep4,,,,ranges,13.3616276693159,
curve.three,00_Breakage/sBLISS/Colibactin_Ecoli_induced_DSBs/Caco-2_etoposide_rep4,,,75.2395158622607,ranges,,
curve.one,00_Breakage/sBLISS/Colibactin_Ecoli_induced_DSBs/Caco-2_etoposide_rep4,356.215756831335,,,ranges,,
curve.two,00_Breakage/sBLISS/Colibactin_Ecoli_induced_DSBs/Caco-2_etoposide_rep4,,,,peak.intensity,48.82864125334,
curve.three,00_Breakage/sBLISS/Colibactin_Ecoli_induced_DSBs/Caco-2_etoposide_rep4,,,8.47428283588847,peak.intensity,,
curve.one,00_Breakage/sBLISS/Colibactin_Ecoli_induced_DSBs/Caco-2_etoposide_rep4,42.6970759107716,,,peak.intensity,,
curve.two,00_Breakage/sBLISS/Colibactin_Ecoli_induced_DSBs/Caco-2_etoposide_rep4,,,,contribution,33.0353213991713,
curve.three,00_Breakage/sBLISS/Colibactin_Ecoli_induced_DSBs/Caco-2_etoposide_rep4,,,32.2844564202358,contribution,,
curve.one,00_Breakage/sBLISS/Colibactin_Ecoli_induced_DSBs/Caco-2_etoposide_rep4,34.6802221805929,,,contribution,,
curve.two,00_Breakage/sBLISS/Colibactin_Ecoli_induced_DSBs/Caco-2_pks_minus_Ecoli_rep1,,,,ranges,12.9953609476954,
curve.one,00_Breakage/sBLISS/Colibactin_Ecoli_induced_DSBs/Caco-2_pks_minus_Ecoli_rep1,178.516830789649,,,ranges,,
curve.two,00_Breakage/sBLISS/Colibactin_Ecoli_induced_DSBs/Caco-2_pks_minus_Ecoli_rep1,,,,peak.intensity,35.4623723306376,
curve.one,00_Breakage/sBLISS/Colibactin_Ecoli_induced_DSBs/Caco-2_pks_minus_Ecoli_rep1,64.5376276693624,,,peak.intensity,,
curve.two,00_Breakage/sBLISS/Colibactin_Ecoli_induced_DSBs/Caco-2_pks_minus_Ecoli_rep1,,,,contribution,46.513390478255,
curve.one,00_Breakage/sBLISS/Colibactin_Ecoli_induced_DSBs/Caco-2_pks_minus_Ecoli_rep1,53.486609521745,,,contribution,,
curve.three,00_Breakage/sBLISS/Colibactin_Ecoli_induced_DSBs/Caco-2_pks_minus_Ecoli_rep2,,,,ranges,13.0165813463761,
curve.two,00_Breakage/sBLISS/Colibactin_Ecoli_induced_DSBs/Caco-2_pks_minus_Ecoli_rep2,,,74.2267231790097,ranges,,
curve.one,00_Breakage/sBLISS/Colibactin_Ecoli_induced_DSBs/Caco-2_pks_minus_Ecoli_rep2,319.585266921612,,,ranges,,
curve.three,00_Breakage/sBLISS/Colibactin_Ecoli_induced_DSBs/Caco-2_pks_minus_Ecoli_rep2,,,,peak.intensity,41.989664295981,
curve.two,00_Breakage/sBLISS/Colibactin_Ecoli_induced_DSBs/Caco-2_pks_minus_Ecoli_rep2,,,13.3517833197809,peak.intensity,,
curve.one,00_Breakage/sBLISS/Colibactin_Ecoli_induced_DSBs/Caco-2_pks_minus_Ecoli_rep2,44.6585523842381,,,peak.intensity,,
curve.three,00_Breakage/sBLISS/Colibactin_Ecoli_induced_DSBs/Caco-2_pks_minus_Ecoli_rep2,,,,contribution,20.9148562917623,
curve.two,00_Breakage/sBLISS/Colibactin_Ecoli_induced_DSBs/Caco-2_pks_minus_Ecoli_rep2,,,37.9240848729501,contribution,,
curve.one,00_Breakage/sBLISS/Colibactin_Ecoli_induced_DSBs/Caco-2_pks_minus_Ecoli_rep2,41.1610588352877,,,contribution,,
curve.three,00_Breakage/sBLISS/Colibactin_Ecoli_induced_DSBs/Caco-2_pks_minus_Ecoli_rep3,,,,ranges,13.5711672526582,
curve.two,00_Breakage/sBLISS/Colibactin_Ecoli_induced_DSBs/Caco-2_pks_minus_Ecoli_rep3,,,83.7567764469243,ranges,,
curve.one,00_Breakage/sBLISS/Colibactin_Ecoli_induced_DSBs/Caco-2_pks_minus_Ecoli_rep3,1002.11889237378,,,ranges,,
curve.three,00_Breakage/sBLISS/Colibactin_Ecoli_induced_DSBs/Caco-2_pks_minus_Ecoli_rep3,,,,peak.intensity,29.1390433214691,
curve.two,00_Breakage/sBLISS/Colibactin_Ecoli_induced_DSBs/Caco-2_pks_minus_Ecoli_rep3,,,5.93169408128757,peak.intensity,,
curve.one,00_Breakage/sBLISS/Colibactin_Ecoli_induced_DSBs/Caco-2_pks_minus_Ecoli_rep3,64.9292625972433,,,peak.intensity,,
curve.three,00_Breakage/sBLISS/Colibactin_Ecoli_induced_DSBs/Caco-2_pks_minus_Ecoli_rep3,,,,contribution,24.266369005517,
curve.two,00_Breakage/sBLISS/Colibactin_Ecoli_induced_DSBs/Caco-2_pks_minus_Ecoli_rep3,,,30.4867412309907,contribution,,
curve.one,00_Breakage/sBLISS/Colibactin_Ecoli_induced_DSBs/Caco-2_pks_minus_Ecoli_rep3,45.2468897634923,,,contribution,,
curve.three,00_Breakage/sBLISS/Colibactin_Ecoli_induced_DSBs/Caco-2_pks_minus_Ecoli_rep4,,,,ranges,14.0898439468637,
curve.two,00_Breakage/sBLISS/Colibactin_Ecoli_induced_DSBs/Caco-2_pks_minus_Ecoli_rep4,,,76.8092192884626,ranges,,
curve.one,00_Breakage/sBLISS/Colibactin_Ecoli_induced_DSBs/Caco-2_pks_minus_Ecoli_rep4,379.589498140252,,,ranges,,
curve.three,00_Breakage/sBLISS/Colibactin_Ecoli_induced_DSBs/Caco-2_pks_minus_Ecoli_rep4,,,,peak.intensity,42.7055476777117,
curve.two,00_Breakage/sBLISS/Colibactin_Ecoli_induced_DSBs/Caco-2_pks_minus_Ecoli_rep4,,,8.03947412279831,peak.intensity,,
curve.one,00_Breakage/sBLISS/Colibactin_Ecoli_induced_DSBs/Caco-2_pks_minus_Ecoli_rep4,49.25497819949,,,peak.intensity,,
curve.three,00_Breakage/sBLISS/Colibactin_Ecoli_induced_DSBs/Caco-2_pks_minus_Ecoli_rep4,,,,contribution,31.9652168877261,
curve.two,00_Breakage/sBLISS/Colibactin_Ecoli_induced_DSBs/Caco-2_pks_minus_Ecoli_rep4,,,32.8041031689155,contribution,,
curve.one,00_Breakage/sBLISS/Colibactin_Ecoli_induced_DSBs/Caco-2_pks_minus_Ecoli_rep4,35.2306799433585,,,contribution,,
curve.two,00_Breakage/sBLISS/Colibactin_Ecoli_induced_DSBs/Caco-2_pks_plus_Ecoli_rep1,,,,ranges,13.3296682556386,
curve.one,00_Breakage/sBLISS/Colibactin_Ecoli_induced_DSBs/Caco-2_pks_plus_Ecoli_rep1,155.608232235812,,,ranges,,
curve.two,00_Breakage/sBLISS/Colibactin_Ecoli_induced_DSBs/Caco-2_pks_plus_Ecoli_rep1,,,,peak.intensity,30.1914686686713,
curve.one,00_Breakage/sBLISS/Colibactin_Ecoli_induced_DSBs/Caco-2_pks_plus_Ecoli_rep1,69.8085313313287,,,peak.intensity,,
curve.two,00_Breakage/sBLISS/Colibactin_Ecoli_induced_DSBs/Caco-2_pks_plus_Ecoli_rep1,,,,contribution,43.5112783256272,
curve.one,00_Breakage/sBLISS/Colibactin_Ecoli_induced_DSBs/Caco-2_pks_plus_Ecoli_rep1,56.4887216743728,,,contribution,,
curve.three,00_Breakage/sBLISS/Colibactin_Ecoli_induced_DSBs/Caco-2_pks_plus_Ecoli_rep2,,,,ranges,12.7680281868699,
curve.two,00_Breakage/sBLISS/Colibactin_Ecoli_induced_DSBs/Caco-2_pks_plus_Ecoli_rep2,,,86.4235105714758,ranges,,
curve.one,00_Breakage/sBLISS/Colibactin_Ecoli_induced_DSBs/Caco-2_pks_plus_Ecoli_rep2,922.633365329531,,,ranges,,
curve.three,00_Breakage/sBLISS/Colibactin_Ecoli_induced_DSBs/Caco-2_pks_plus_Ecoli_rep2,,,,peak.intensity,33.7315263148745,
curve.two,00_Breakage/sBLISS/Colibactin_Ecoli_induced_DSBs/Caco-2_pks_plus_Ecoli_rep2,,,5.72292298252275,peak.intensity,,
curve.one,00_Breakage/sBLISS/Colibactin_Ecoli_induced_DSBs/Caco-2_pks_plus_Ecoli_rep2,60.5455507026027,,,peak.intensity,,
curve.three,00_Breakage/sBLISS/Colibactin_Ecoli_induced_DSBs/Caco-2_pks_plus_Ecoli_rep2,,,,contribution,26.5189076760943,
curve.two,00_Breakage/sBLISS/Colibactin_Ecoli_induced_DSBs/Caco-2_pks_plus_Ecoli_rep2,,,30.4540888565006,contribution,,
curve.one,00_Breakage/sBLISS/Colibactin_Ecoli_induced_DSBs/Caco-2_pks_plus_Ecoli_rep2,43.0270034674051,,,contribution,,
curve.two,00_Breakage/sBLISS/Colibactin_Ecoli_induced_DSBs/Caco-2_pks_plus_Ecoli_rep4,,,,ranges,14.082312404744,
curve.three,00_Breakage/sBLISS/Colibactin_Ecoli_induced_DSBs/Caco-2_pks_plus_Ecoli_rep4,,,78.6568868477966,ranges,,
curve.one,00_Breakage/sBLISS/Colibactin_Ecoli_induced_DSBs/Caco-2_pks_plus_Ecoli_rep4,359.833675490616,,,ranges,,
curve.two,00_Breakage/sBLISS/Colibactin_Ecoli_induced_DSBs/Caco-2_pks_plus_Ecoli_rep4,,,,peak.intensity,42.8604475503645,
curve.three,00_Breakage/sBLISS/Colibactin_Ecoli_induced_DSBs/Caco-2_pks_plus_Ecoli_rep4,,,10.7495323427407,peak.intensity,,
curve.one,00_Breakage/sBLISS/Colibactin_Ecoli_induced_DSBs/Caco-2_pks_plus_Ecoli_rep4,46.3900201068948,,,peak.intensity,,
curve.two,00_Breakage/sBLISS/Colibactin_Ecoli_induced_DSBs/Caco-2_pks_plus_Ecoli_rep4,,,,contribution,26.003045067928,
curve.three,00_Breakage/sBLISS/Colibactin_Ecoli_induced_DSBs/Caco-2_pks_plus_Ecoli_rep4,,,36.4267023232064,contribution,,
curve.one,00_Breakage/sBLISS/Colibactin_Ecoli_induced_DSBs/Caco-2_pks_plus_Ecoli_rep4,37.5702526088656,,,contribution,,
curve.two,00_Breakage/sBLISS/K562_Top2_mediated_DSBs/DMSO,,,,ranges,12.2626195394316,
curve.three,00_Breakage/sBLISS/K562_Top2_mediated_DSBs/DMSO,,,80.3962698269028,ranges,,
curve.one,00_Breakage/sBLISS/K562_Top2_mediated_DSBs/DMSO,804.392756247079,,,ranges,,
curve.two,00_Breakage/sBLISS/K562_Top2_mediated_DSBs/DMSO,,,,peak.intensity,37.727554816079,
curve.three,00_Breakage/sBLISS/K562_Top2_mediated_DSBs/DMSO,,,5.52050452606762,peak.intensity,,
curve.one,00_Breakage/sBLISS/K562_Top2_mediated_DSBs/DMSO,56.7519406578534,,,peak.intensity,,
curve.two,00_Breakage/sBLISS/K562_Top2_mediated_DSBs/DMSO,,,,contribution,30.2414347791043,
curve.three,00_Breakage/sBLISS/K562_Top2_mediated_DSBs/DMSO,,,29.0118316465216,contribution,,
curve.one,00_Breakage/sBLISS/K562_Top2_mediated_DSBs/DMSO,40.7467335743741,,,contribution,,
curve.three,00_Breakage/sBLISS/K562_Top2_mediated_DSBs/ETO,,,,ranges,13.4159542173584,
curve.two,00_Breakage/sBLISS/K562_Top2_mediated_DSBs/ETO,,,69.5255715698631,ranges,,
curve.one,00_Breakage/sBLISS/K562_Top2_mediated_DSBs/ETO,323.862307844368,,,ranges,,
curve.three,00_Breakage/sBLISS/K562_Top2_mediated_DSBs/ETO,,,,peak.intensity,54.3734023599002,
curve.two,00_Breakage/sBLISS/K562_Top2_mediated_DSBs/ETO,,,9.71408944293947,peak.intensity,,
curve.one,00_Breakage/sBLISS/K562_Top2_mediated_DSBs/ETO,35.9125081971604,,,peak.intensity,,
curve.three,00_Breakage/sBLISS/K562_Top2_mediated_DSBs/ETO,,,,contribution,32.4774297804626,
curve.two,00_Breakage/sBLISS/K562_Top2_mediated_DSBs/ETO,,,30.0690869801445,contribution,,
curve.one,00_Breakage/sBLISS/K562_Top2_mediated_DSBs/ETO,37.4534832393929,,,contribution,,
curve.two,00_Breakage/sBLISS/TK6_Top2_mediated_DSBs/DMSO_rep1,,,,ranges,14.7321642720503,
curve.one,00_Breakage/sBLISS/TK6_Top2_mediated_DSBs/DMSO_rep1,1102.53054385369,,,ranges,,
curve.two,00_Breakage/sBLISS/TK6_Top2_mediated_DSBs/DMSO_rep1,,,,peak.intensity,14.2690422742728,
curve.one,00_Breakage/sBLISS/TK6_Top2_mediated_DSBs/DMSO_rep1,85.7309577257272,,,peak.intensity,,
curve.two,00_Breakage/sBLISS/TK6_Top2_mediated_DSBs/DMSO_rep1,,,,contribution,20.0355480673572,
curve.one,00_Breakage/sBLISS/TK6_Top2_mediated_DSBs/DMSO_rep1,79.9644519326428,,,contribution,,
curve.two,00_Breakage/sBLISS/TK6_Top2_mediated_DSBs/DMSO_rep2,,,,ranges,13.5734580755311,
curve.one,00_Breakage/sBLISS/TK6_Top2_mediated_DSBs/DMSO_rep2,1386.9542779072,,,ranges,,
curve.two,00_Breakage/sBLISS/TK6_Top2_mediated_DSBs/DMSO_rep2,,,,peak.intensity,12.619162569205,
curve.one,00_Breakage/sBLISS/TK6_Top2_mediated_DSBs/DMSO_rep2,87.380837430795,,,peak.intensity,,
curve.two,00_Breakage/sBLISS/TK6_Top2_mediated_DSBs/DMSO_rep2,,,,contribution,17.8651942700889,
curve.one,00_Breakage/sBLISS/TK6_Top2_mediated_DSBs/DMSO_rep2,82.1348057299111,,,contribution,,
curve.one,00_Breakage/sBLISS/TK6_Top2_mediated_DSBs/ETO_rep1,,,,ranges,13.1621910160592,
curve.two,00_Breakage/sBLISS/TK6_Top2_mediated_DSBs/ETO_rep1,,,73.8376109828916,ranges,,
curve.three,00_Breakage/sBLISS/TK6_Top2_mediated_DSBs/ETO_rep1,325.290593204633,,,ranges,,
curve.one,00_Breakage/sBLISS/TK6_Top2_mediated_DSBs/ETO_rep1,,,,peak.intensity,77.9148416883337,
curve.two,00_Breakage/sBLISS/TK6_Top2_mediated_DSBs/ETO_rep1,,,16.7132931337155,peak.intensity,,
curve.three,00_Breakage/sBLISS/TK6_Top2_mediated_DSBs/ETO_rep1,5.37186517795086,,,peak.intensity,,
curve.one,00_Breakage/sBLISS/TK6_Top2_mediated_DSBs/ETO_rep1,,,,contribution,20.1276049026103,
curve.two,00_Breakage/sBLISS/TK6_Top2_mediated_DSBs/ETO_rep1,,,33.0600477729307,contribution,,
curve.three,00_Breakage/sBLISS/TK6_Top2_mediated_DSBs/ETO_rep1,46.812347324459,,,contribution,,
curve.two,00_Breakage/sBLISS/TK6_Top2_mediated_DSBs/ETO_rep2,,,,ranges,13.1866492237829,
curve.three,00_Breakage/sBLISS/TK6_Top2_mediated_DSBs/ETO_rep2,,,73.0322719175976,ranges,,
curve.one,00_Breakage/sBLISS/TK6_Top2_mediated_DSBs/ETO_rep2,318.515652562323,,,ranges,,
curve.two,00_Breakage/sBLISS/TK6_Top2_mediated_DSBs/ETO_rep2,,,,peak.intensity,57.8840689929503,
curve.three,00_Breakage/sBLISS/TK6_Top2_mediated_DSBs/ETO_rep2,,,14.9247001672484,peak.intensity,,
curve.one,00_Breakage/sBLISS/TK6_Top2_mediated_DSBs/ETO_rep2,27.1912308398014,,,peak.intensity,,
curve.two,00_Breakage/sBLISS/TK6_Top2_mediated_DSBs/ETO_rep2,,,,contribution,23.5814999791699,
curve.three,00_Breakage/sBLISS/TK6_Top2_mediated_DSBs/ETO_rep2,,,33.6742821350838,contribution,,
curve.one,00_Breakage/sBLISS/TK6_Top2_mediated_DSBs/ETO_rep2,42.7442178857464,,,contribution,,
curve.two,00_Breakage/SSB/G5/6h,,,,ranges,11.4167881376689,
curve.one,00_Breakage/SSB/G5/6h,227.43818422894,,,ranges,,
curve.two,00_Breakage/SSB/G5/6h,,,,peak.intensity,26.2642275557638,
curve.one,00_Breakage/SSB/G5/6h,73.7357724442362,,,peak.intensity,,
curve.two,00_Breakage/SSB/G5/6h,,,,contribution,35.1537037876365,
curve.one,00_Breakage/SSB/G5/6h,64.8462962123635,,,contribution,,
curve.two,00_Breakage/SSB/G5/48h,,,,ranges,10.8719893675369,
curve.one,00_Breakage/SSB/G5/48h,191.167124231036,,,ranges,,
curve.two,00_Breakage/SSB/G5/48h,,,,peak.intensity,34.2765076135568,
curve.one,00_Breakage/SSB/G5/48h,65.7234923864432,,,peak.intensity,,
curve.two,00_Breakage/SSB/G5/48h,,,,contribution,32.4031468500969,
curve.one,00_Breakage/SSB/G5/48h,67.5968531499031,,,contribution,,
curve.two,00_Breakage/SSB/Imatinib/6h,,,,ranges,11.3654477886297,
curve.one,00_Breakage/SSB/Imatinib/6h,244.862271374407,,,ranges,,
curve.two,00_Breakage/SSB/Imatinib/6h,,,,peak.intensity,26.8268987414054,
curve.one,00_Breakage/SSB/Imatinib/6h,73.1731012585946,,,peak.intensity,,
curve.two,00_Breakage/SSB/Imatinib/6h,,,,contribution,36.6344157544344,
curve.one,00_Breakage/SSB/Imatinib/6h,63.3655842455656,,,contribution,,
curve.two,00_Breakage/SSB/Imatinib/48h,,,,ranges,10.8012359503846,
curve.one,00_Breakage/SSB/Imatinib/48h,189.454694760553,,,ranges,,
curve.two,00_Breakage/SSB/Imatinib/48h,,,,peak.intensity,32.1155452855452,
curve.one,00_Breakage/SSB/Imatinib/48h,67.8844547144548,,,peak.intensity,,
curve.two,00_Breakage/SSB/Imatinib/48h,,,,contribution,30.9425143054061,
curve.one,00_Breakage/SSB/Imatinib/48h,69.0574856945939,,,contribution,,
curve.two,00_Breakage/SSB/SN/6h,,,,ranges,11.1872872582992,
curve.one,00_Breakage/SSB/SN/6h,262.834708631633,,,ranges,,
curve.two,00_Breakage/SSB/SN/6h,,,,peak.intensity,30.0551573223024,
curve.one,00_Breakage/SSB/SN/6h,69.9448426776976,,,peak.intensity,,
curve.two,00_Breakage/SSB/SN/6h,,,,contribution,36.384555149288,
curve.one,00_Breakage/SSB/SN/6h,63.615444850712,,,contribution,,
curve.three,00_Breakage/SSB/SN/48h,,,,ranges,10.8850349867905,
curve.two,00_Breakage/SSB/SN/48h,150.267151228994,,,ranges,,
curve.one,00_Breakage/SSB/SN/48h,,980.535045922207,,ranges,,
curve.three,00_Breakage/SSB/SN/48h,,,,peak.intensity,42.2935176506774,
curve.two,00_Breakage/SSB/SN/48h,5.93768507138959,,,peak.intensity,,
curve.one,00_Breakage/SSB/SN/48h,,51.768797277933,,peak.intensity,,
curve.three,00_Breakage/SSB/SN/48h,,,,contribution,23.2163318088959,
curve.two,00_Breakage/SSB/SN/48h,44.9957170726376,,,contribution,,
curve.one,00_Breakage/SSB/SN/48h,,31.7879511184665,,contribution,,
curve.two,00_Breakage/SSB/Talazoparib/6h,,,,ranges,11.2787594180785,
curve.one,00_Breakage/SSB/Talazoparib/6h,228.731159180094,,,ranges,,
curve.two,00_Breakage/SSB/Talazoparib/6h,,,,peak.intensity,31.0049813246429,
curve.one,00_Breakage/SSB/Talazoparib/6h,68.9950186753571,,,peak.intensity,,
curve.two,00_Breakage/SSB/Talazoparib/6h,,,,contribution,34.5716143399842,
curve.one,00_Breakage/SSB/Talazoparib/6h,65.4283856600159,,,contribution,,
curve.three,00_Breakage/SSB/Talazoparib/48h,,,,ranges,10.8089460293447,
curve.two,00_Breakage/SSB/Talazoparib/48h,150.131047444505,,,ranges,,
curve.one,00_Breakage/SSB/Talazoparib/48h,,1002.4201198756,,ranges,,
curve.three,00_Breakage/SSB/Talazoparib/48h,,,,peak.intensity,44.2859057749863,
curve.two,00_Breakage/SSB/Talazoparib/48h,5.97005972252777,,,peak.intensity,,
curve.one,00_Breakage/SSB/Talazoparib/48h,,49.7440345024859,,peak.intensity,,
curve.three,00_Breakage/SSB/Talazoparib/48h,,,,contribution,24.7014534139377,
curve.two,00_Breakage/SSB/Talazoparib/48h,46.251180055728,,,contribution,,
curve.one,00_Breakage/SSB/Talazoparib/48h,,29.0473665303344,,contribution,,
curve.one,00_Breakage/Ultrasonication/Simons_exp_1,,,,ranges,14.0651465294643,
curve.two,00_Breakage/Ultrasonication/Simons_exp_1,,,95.0800451698317,ranges,,
curve.three,00_Breakage/Ultrasonication/Simons_exp_1,289.160764615335,,,ranges,,
curve.one,00_Breakage/Ultrasonication/Simons_exp_1,,,,peak.intensity,81.4477842587064,
curve.two,00_Breakage/Ultrasonication/Simons_exp_1,,,11.8949041888501,peak.intensity,,
curve.three,00_Breakage/Ultrasonication/Simons_exp_1,6.6573115524435,,,peak.intensity,,
curve.one,00_Breakage/Ultrasonication/Simons_exp_1,,,,contribution,19.6916083986705,
curve.two,00_Breakage/Ultrasonication/Simons_exp_1,,,29.7206098908266,contribution,,
curve.three,00_Breakage/Ultrasonication/Simons_exp_1,50.5877817105029,,,contribution,,
curve.one,00_Breakage/Ultrasonication/Simons_exp_2,,,,ranges,12.7665928404123,
curve.two,00_Breakage/Ultrasonication/Simons_exp_2,,,101.961810281806,ranges,,
curve.three,00_Breakage/Ultrasonication/Simons_exp_2,291.483059749648,,,ranges,,
curve.one,00_Breakage/Ultrasonication/Simons_exp_2,,,,peak.intensity,77.5360640963292,
curve.two,00_Breakage/Ultrasonication/Simons_exp_2,,,14.8893825511261,peak.intensity,,
curve.three,00_Breakage/Ultrasonication/Simons_exp_2,7.57455335254479,,,peak.intensity,,
curve.one,00_Breakage/Ultrasonication/Simons_exp_2,,,,contribution,14.1942312971479,
curve.two,00_Breakage/Ultrasonication/Simons_exp_2,,,34.9613008434602,contribution,,
curve.three,00_Breakage/Ultrasonication/Simons_exp_2,50.8444678593919,,,contribution,,
curve.one,00_Breakage/Ultrasonication/Simons_exp_3,,,,ranges,14.4676620600562,
curve.two,00_Breakage/Ultrasonication/Simons_exp_3,,,84.9937822354024,ranges,,
curve.three,00_Breakage/Ultrasonication/Simons_exp_3,285.897710274627,,,ranges,,
curve.one,00_Breakage/Ultrasonication/Simons_exp_3,,,,peak.intensity,83.7926157432148,
curve.two,00_Breakage/Ultrasonication/Simons_exp_3,,,10.6657887142169,peak.intensity,,
curve.three,00_Breakage/Ultrasonication/Simons_exp_3,5.54159554256823,,,peak.intensity,,
curve.one,00_Breakage/Ultrasonication/Simons_exp_3,,,,contribution,24.7179662738825,
curve.two,00_Breakage/Ultrasonication/Simons_exp_3,,,27.3982606745092,contribution,,
curve.three,00_Breakage/Ultrasonication/Simons_exp_3,47.8837730516083,,,contribution,,
curve.two,00_Breakage/Ultrasonication/Simons_exp_4,,,,ranges,14.343502624862,
curve.three,00_Breakage/Ultrasonication/Simons_exp_4,,,85.8002830111215,ranges,,
curve.one,00_Breakage/Ultrasonication/Simons_exp_4,298.574722466573,,,ranges,,
curve.two,00_Breakage/Ultrasonication/Simons_exp_4,,,,peak.intensity,57.1968554762882,
curve.three,00_Breakage/Ultrasonication/Simons_exp_4,,,9.86198991598128,peak.intensity,,
curve.one,00_Breakage/Ultrasonication/Simons_exp_4,32.9411546077306,,,peak.intensity,,
curve.two,00_Breakage/Ultrasonication/Simons_exp_4,,,,contribution,26.5332530406086,
curve.three,00_Breakage/Ultrasonication/Simons_exp_4,,,27.3663201235554,contribution,,
curve.one,00_Breakage/Ultrasonication/Simons_exp_4,46.100426835836,,,contribution,,
curve.one,00_Breakage/Ultrasonication/Simons_exp_5,,,,ranges,12.9671993266176,
curve.two,00_Breakage/Ultrasonication/Simons_exp_5,,,98.4256182137032,ranges,,
curve.three,00_Breakage/Ultrasonication/Simons_exp_5,288.811999414477,,,ranges,,
curve.one,00_Breakage/Ultrasonication/Simons_exp_5,,,,peak.intensity,76.2934056075478,
curve.two,00_Breakage/Ultrasonication/Simons_exp_5,,,15.6847236921797,peak.intensity,,
curve.three,00_Breakage/Ultrasonication/Simons_exp_5,8.02187070027243,,,peak.intensity,,
curve.one,00_Breakage/Ultrasonication/Simons_exp_5,,,,contribution,14.085233666996,
curve.two,00_Breakage/Ultrasonication/Simons_exp_5,,,34.3557178266399,contribution,,
curve.three,00_Breakage/Ultrasonication/Simons_exp_5,51.5590485063641,,,contribution,,
curve.one,00_Breakage/Ultrasonication/Simons_exp_6,,,,ranges,13.5189311150592,
curve.two,00_Breakage/Ultrasonication/Simons_exp_6,,,100.349550227796,ranges,,
curve.three,00_Breakage/Ultrasonication/Simons_exp_6,295.340104597353,,,ranges,,
curve.one,00_Breakage/Ultrasonication/Simons_exp_6,,,,peak.intensity,78.4305223004918,
curve.two,00_Breakage/Ultrasonication/Simons_exp_6,,,14.3220228760262,peak.intensity,,
curve.three,00_Breakage/Ultrasonication/Simons_exp_6,7.24745482348192,,,peak.intensity,,
curve.one,00_Breakage/Ultrasonication/Simons_exp_6,,,,contribution,15.4479923112586,
curve.two,00_Breakage/Ultrasonication/Simons_exp_6,,,33.965899517852,contribution,,
curve.three,00_Breakage/Ultrasonication/Simons_exp_6,50.5861081708894,,,contribution,,
curve.one,00_Breakage/Ultrasonication/Simons_exp_7,,,,ranges,12.7933773293582,
curve.two,00_Breakage/Ultrasonication/Simons_exp_7,,,103.089209779011,ranges,,
curve.three,00_Breakage/Ultrasonication/Simons_exp_7,288.263130800596,,,ranges,,
curve.one,00_Breakage/Ultrasonication/Simons_exp_7,,,,peak.intensity,78.7873489985949,
curve.two,00_Breakage/Ultrasonication/Simons_exp_7,,,13.9942923074748,peak.intensity,,
curve.three,00_Breakage/Ultrasonication/Simons_exp_7,7.21835869393023,,,peak.intensity,,
curve.one,00_Breakage/Ultrasonication/Simons_exp_7,,,,contribution,15.3187188432194,
curve.two,00_Breakage/Ultrasonication/Simons_exp_7,,,34.6723918565212,contribution,,
curve.three,00_Breakage/Ultrasonication/Simons_exp_7,50.0088893002594,,,contribution,,
curve.one,00_Breakage/Ultrasonication/Simons_exp_8,,,,ranges,13.1597782920893,
curve.two,00_Breakage/Ultrasonication/Simons_exp_8,,,94.9457910442768,ranges,,
curve.three,00_Breakage/Ultrasonication/Simons_exp_8,288.884501283328,,,ranges,,
curve.one,00_Breakage/Ultrasonication/Simons_exp_8,,,,peak.intensity,82.760668093962,
curve.two,00_Breakage/Ultrasonication/Simons_exp_8,,,10.9859004430443,peak.intensity,,
curve.three,00_Breakage/Ultrasonication/Simons_exp_8,6.25343146299364,,,peak.intensity,,
curve.one,00_Breakage/Ultrasonication/Simons_exp_8,,,,contribution,20.1646244176396,
curve.two,00_Breakage/Ultrasonication/Simons_exp_8,,,29.2230283018125,contribution,,
curve.three,00_Breakage/Ultrasonication/Simons_exp_8,50.612347280548,,,contribution,,
curve.three,00_Breakage/Ultrasonication/Simons_exp_9,,,,ranges,12.8324826530185,
curve.two,00_Breakage/Ultrasonication/Simons_exp_9,,,80.9560584749225,ranges,,
curve.one,00_Breakage/Ultrasonication/Simons_exp_9,299.301273287338,,,ranges,,
curve.three,00_Breakage/Ultrasonication/Simons_exp_9,,,,peak.intensity,58.9530599352752,
curve.two,00_Breakage/Ultrasonication/Simons_exp_9,,,10.2043039004333,peak.intensity,,
curve.one,00_Breakage/Ultrasonication/Simons_exp_9,30.8426361642916,,,peak.intensity,,
curve.three,00_Breakage/Ultrasonication/Simons_exp_9,,,,contribution,26.8090976818284,
curve.two,00_Breakage/Ultrasonication/Simons_exp_9,,,29.2750670810141,contribution,,
curve.one,00_Breakage/Ultrasonication/Simons_exp_9,43.9158352371575,,,contribution,,
curve.three,00_Breakage/Ultrasonication/Simons_exp_10,,,,ranges,14.0384265601352,
curve.two,00_Breakage/Ultrasonication/Simons_exp_10,,,93.0883565393565,ranges,,
curve.one,00_Breakage/Ultrasonication/Simons_exp_10,306.13531334969,,,ranges,,
curve.three,00_Breakage/Ultrasonication/Simons_exp_10,,,,peak.intensity,51.8007389653146,
curve.two,00_Breakage/Ultrasonication/Simons_exp_10,,,11.605168928984,peak.intensity,,
curve.one,00_Breakage/Ultrasonication/Simons_exp_10,36.5940921057014,,,peak.intensity,,
curve.three,00_Breakage/Ultrasonication/Simons_exp_10,,,,contribution,21.8137840621211,
curve.two,00_Breakage/Ultrasonication/Simons_exp_10,,,32.4058524020726,contribution,,
curve.one,00_Breakage/Ultrasonication/Simons_exp_10,45.7803635358063,,,contribution,,
curve.two,00_Breakage/Ultrasonication/Simons_exp_11,,,,ranges,13.3072247501019,
curve.three,00_Breakage/Ultrasonication/Simons_exp_11,,,76.2938365634243,ranges,,
curve.one,00_Breakage/Ultrasonication/Simons_exp_11,291.835657632766,,,ranges,,
curve.two,00_Breakage/Ultrasonication/Simons_exp_11,,,,peak.intensity,59.3196279452458,
curve.three,00_Breakage/Ultrasonication/Simons_exp_11,,,11.2674175753985,peak.intensity,,
curve.one,00_Breakage/Ultrasonication/Simons_exp_11,29.4129544793557,,,peak.intensity,,
curve.two,00_Breakage/Ultrasonication/Simons_exp_11,,,,contribution,26.7915387925406,
curve.three,00_Breakage/Ultrasonication/Simons_exp_11,,,29.1759893951966,contribution,,
curve.one,00_Breakage/Ultrasonication/Simons_exp_11,44.0324718122628,,,contribution,,
curve.one,00_Breakage/Ultrasonication/Simons_exp_12,,,,ranges,15.1932975793717,
curve.two,00_Breakage/Ultrasonication/Simons_exp_12,,,93.8549299769916,ranges,,
curve.three,00_Breakage/Ultrasonication/Simons_exp_12,297.492007338589,,,ranges,,
curve.one,00_Breakage/Ultrasonication/Simons_exp_12,,,,peak.intensity,81.996744332535,
curve.two,00_Breakage/Ultrasonication/Simons_exp_12,,,11.8013497064499,peak.intensity,,
curve.three,00_Breakage/Ultrasonication/Simons_exp_12,6.20190596101509,,,peak.intensity,,
curve.one,00_Breakage/Ultrasonication/Simons_exp_12,,,,contribution,21.0716140141317,
curve.two,00_Breakage/Ultrasonication/Simons_exp_12,,,29.6082422157022,contribution,,
curve.three,00_Breakage/Ultrasonication/Simons_exp_12,49.320143770166,,,contribution,,
curve.one,00_Breakage/Ultrasonication/Simons_exp_13,,,,ranges,13.6444074075871,
curve.two,00_Breakage/Ultrasonication/Simons_exp_13,,,92.0507953119565,ranges,,
curve.three,00_Breakage/Ultrasonication/Simons_exp_13,308.871027498126,,,ranges,,
curve.one,00_Breakage/Ultrasonication/Simons_exp_13,,,,peak.intensity,83.4679649440468,
curve.two,00_Breakage/Ultrasonication/Simons_exp_13,,,11.4255333286718,peak.intensity,,
curve.three,00_Breakage/Ultrasonication/Simons_exp_13,5.10650172728139,,,peak.intensity,,
curve.one,00_Breakage/Ultrasonication/Simons_exp_13,,,,contribution,21.3308032702523,
curve.two,00_Breakage/Ultrasonication/Simons_exp_13,,,31.4717927330889,contribution,,
curve.three,00_Breakage/Ultrasonication/Simons_exp_13,47.1974039966588,,,contribution,,
curve.one,00_Breakage/Ultrasonication/Simons_exp_14,,,,ranges,13.5951266070344,
curve.two,00_Breakage/Ultrasonication/Simons_exp_14,,,101.188853421324,ranges,,
curve.three,00_Breakage/Ultrasonication/Simons_exp_14,307.650117821953,,,ranges,,
curve.one,00_Breakage/Ultrasonication/Simons_exp_14,,,,peak.intensity,79.5791412129293,
curve.two,00_Breakage/Ultrasonication/Simons_exp_14,,,14.0073693117654,peak.intensity,,
curve.three,00_Breakage/Ultrasonication/Simons_exp_14,6.41348947530532,,,peak.intensity,,
curve.one,00_Breakage/Ultrasonication/Simons_exp_14,,,,contribution,15.9557950633307,
curve.two,00_Breakage/Ultrasonication/Simons_exp_14,,,35.1344551484556,contribution,,
curve.three,00_Breakage/Ultrasonication/Simons_exp_14,48.9097497882137,,,contribution,,
curve.one,00_Breakage/Ultrasonication/Simons_exp_15,,,,ranges,13.9599301985923,
curve.two,00_Breakage/Ultrasonication/Simons_exp_15,,,101.082481092842,ranges,,
curve.three,00_Breakage/Ultrasonication/Simons_exp_15,305.825245264879,,,ranges,,
curve.one,00_Breakage/Ultrasonication/Simons_exp_15,,,,peak.intensity,81.5649847983603,
curve.two,00_Breakage/Ultrasonication/Simons_exp_15,,,12.8517027568802,peak.intensity,,
curve.three,00_Breakage/Ultrasonication/Simons_exp_15,5.58331244475948,,,peak.intensity,,
curve.one,00_Breakage/Ultrasonication/Simons_exp_15,,,,contribution,18.1179189511704,
curve.two,00_Breakage/Ultrasonication/Simons_exp_15,,,35.3793458630747,contribution,,
curve.three,00_Breakage/Ultrasonication/Simons_exp_15,46.5027351857549,,,contribution,,
curve.two,00_Breakage/Ultrasonication/Simons_exp_16,,,,ranges,13.5575542682753,
curve.three,00_Breakage/Ultrasonication/Simons_exp_16,,,76.0002139049984,ranges,,
curve.one,00_Breakage/Ultrasonication/Simons_exp_16,299.872814299253,,,ranges,,
curve.two,00_Breakage/Ultrasonication/Simons_exp_16,,,,peak.intensity,59.6294515512702,
curve.three,00_Breakage/Ultrasonication/Simons_exp_16,,,10.1802740137428,peak.intensity,,
curve.one,00_Breakage/Ultrasonication/Simons_exp_16,30.190274434987,,,peak.intensity,,
curve.two,00_Breakage/Ultrasonication/Simons_exp_16,,,,contribution,29.7171736617342,
curve.three,00_Breakage/Ultrasonication/Simons_exp_16,,,28.4406565697005,contribution,,
curve.one,00_Breakage/Ultrasonication/Simons_exp_16,41.8421697685653,,,contribution,,
curve.one,00_Breakage/Ultrasonication/Simons_exp_17,,,,ranges,14.2578289766675,
curve.two,00_Breakage/Ultrasonication/Simons_exp_17,,,96.9367755006411,ranges,,
curve.three,00_Breakage/Ultrasonication/Simons_exp_17,308.74199042185,,,ranges,,
curve.one,00_Breakage/Ultrasonication/Simons_exp_17,,,,peak.intensity,81.5067572502534,
curve.two,00_Breakage/Ultrasonication/Simons_exp_17,,,12.9875359253348,peak.intensity,,
curve.three,00_Breakage/Ultrasonication/Simons_exp_17,5.50570682441182,,,peak.intensity,,
curve.one,00_Breakage/Ultrasonication/Simons_exp_17,,,,contribution,19.1077576350233,
curve.two,00_Breakage/Ultrasonication/Simons_exp_17,,,34.4195133670046,contribution,,
curve.three,00_Breakage/Ultrasonication/Simons_exp_17,46.4727289979722,,,contribution,,
curve.one,00_Breakage/Ultrasonication/Simons_exp_18,,,,ranges,13.5400702921868,
curve.two,00_Breakage/Ultrasonication/Simons_exp_18,,,103.303576636891,ranges,,
curve.three,00_Breakage/Ultrasonication/Simons_exp_18,297.890795849026,,,ranges,,
curve.one,00_Breakage/Ultrasonication/Simons_exp_18,,,,peak.intensity,77.9114338244347,
curve.two,00_Breakage/Ultrasonication/Simons_exp_18,,,14.8966967775651,peak.intensity,,
curve.three,00_Breakage/Ultrasonication/Simons_exp_18,7.19186939800017,,,peak.intensity,,
curve.one,00_Breakage/Ultrasonication/Simons_exp_18,,,,contribution,14.7842710679079,
curve.two,00_Breakage/Ultrasonication/Simons_exp_18,,,35.6227123934059,contribution,,
curve.three,00_Breakage/Ultrasonication/Simons_exp_18,49.5930165386862,,,contribution,,
curve.one,00_Breakage/Ultrasonication/Simons_exp_19,,,,ranges,12.5796597099627,
curve.two,00_Breakage/Ultrasonication/Simons_exp_19,,,94.4416967971902,ranges,,
curve.three,00_Breakage/Ultrasonication/Simons_exp_19,261.048398038697,,,ranges,,
curve.one,00_Breakage/Ultrasonication/Simons_exp_19,,,,peak.intensity,83.1750191549312,
curve.two,00_Breakage/Ultrasonication/Simons_exp_19,,,9.65765213007914,peak.intensity,,
curve.three,00_Breakage/Ultrasonication/Simons_exp_19,7.16732871498962,,,peak.intensity,,
curve.one,00_Breakage/Ultrasonication/Simons_exp_19,,,,contribution,21.8894396117304,
curve.two,00_Breakage/Ultrasonication/Simons_exp_19,,,25.5985604317599,contribution,,
curve.three,00_Breakage/Ultrasonication/Simons_exp_19,52.5119999565097,,,contribution,,
curve.three,00_Breakage/Ultrasonication/Simons_exp_20,,,,ranges,14.5092343103757,
curve.two,00_Breakage/Ultrasonication/Simons_exp_20,,,87.5015748885848,ranges,,
curve.one,00_Breakage/Ultrasonication/Simons_exp_20,301.1892238752,,,ranges,,
curve.three,00_Breakage/Ultrasonication/Simons_exp_20,,,,peak.intensity,58.342261720653,
curve.two,00_Breakage/Ultrasonication/Simons_exp_20,,,9.46697193747346,peak.intensity,,
curve.one,00_Breakage/Ultrasonication/Simons_exp_20,32.1907663418735,,,peak.intensity,,
curve.three,00_Breakage/Ultrasonication/Simons_exp_20,,,,contribution,28.57142721974,
curve.two,00_Breakage/Ultrasonication/Simons_exp_20,,,27.9596119266835,contribution,,
curve.one,00_Breakage/Ultrasonication/Simons_exp_20,43.4689608535765,,,contribution,,
curve.three,00_Breakage/Ultrasonication/Simons_exp_21,,,,ranges,14.9257219472294,
curve.two,00_Breakage/Ultrasonication/Simons_exp_21,,,86.1433425143376,ranges,,
curve.one,00_Breakage/Ultrasonication/Simons_exp_21,311.157430392504,,,ranges,,
curve.three,00_Breakage/Ultrasonication/Simons_exp_21,,,,peak.intensity,53.9111702805622,
curve.two,00_Breakage/Ultrasonication/Simons_exp_21,,,11.0760948699292,peak.intensity,,
curve.one,00_Breakage/Ultrasonication/Simons_exp_21,35.0127348495086,,,peak.intensity,,
curve.three,00_Breakage/Ultrasonication/Simons_exp_21,,,,contribution,25.8427161538128,
curve.two,00_Breakage/Ultrasonication/Simons_exp_21,,,30.6430815756236,contribution,,
curve.one,00_Breakage/Ultrasonication/Simons_exp_21,43.5142022705636,,,contribution,,
curve.one,00_Breakage/Ultrasonication/Simons_exp_22,,,,ranges,13.4181347704026,
curve.two,00_Breakage/Ultrasonication/Simons_exp_22,,,88.8097952883897,ranges,,
curve.three,00_Breakage/Ultrasonication/Simons_exp_22,281.815143121486,,,ranges,,
curve.one,00_Breakage/Ultrasonication/Simons_exp_22,,,,peak.intensity,84.65042085464,
curve.two,00_Breakage/Ultrasonication/Simons_exp_22,,,9.80280499637043,peak.intensity,,
curve.three,00_Breakage/Ultrasonication/Simons_exp_22,5.54677414898958,,,peak.intensity,,
curve.one,00_Breakage/Ultrasonication/Simons_exp_22,,,,contribution,24.6181749150499,
curve.two,00_Breakage/Ultrasonication/Simons_exp_22,,,26.9650919793773,contribution,,
curve.three,00_Breakage/Ultrasonication/Simons_exp_22,48.4167331055727,,,contribution,,
curve.one,00_Breakage/Ultrasonication/Simons_exp_23,,,,ranges,14.0951276513592,
curve.two,00_Breakage/Ultrasonication/Simons_exp_23,,,97.0320365273265,ranges,,
curve.three,00_Breakage/Ultrasonication/Simons_exp_23,298.041923544968,,,ranges,,
curve.one,00_Breakage/Ultrasonication/Simons_exp_23,,,,peak.intensity,82.1585021002085,
curve.two,00_Breakage/Ultrasonication/Simons_exp_23,,,11.8683561261617,peak.intensity,,
curve.three,00_Breakage/Ultrasonication/Simons_exp_23,5.97314177362978,,,peak.intensity,,
curve.one,00_Breakage/Ultrasonication/Simons_exp_23,,,,contribution,19.468241035758,
curve.two,00_Breakage/Ultrasonication/Simons_exp_23,,,31.6322477496576,contribution,,
curve.three,00_Breakage/Ultrasonication/Simons_exp_23,48.8995112145844,,,contribution,,
curve.two,00_Breakage/Ultrasonication/Simons_exp_24,,,,ranges,15.2019666199402,
curve.three,00_Breakage/Ultrasonication/Simons_exp_24,,,90.7225485703823,ranges,,
curve.one,00_Breakage/Ultrasonication/Simons_exp_24,320.3475779887,,,ranges,,
curve.two,00_Breakage/Ultrasonication/Simons_exp_24,,,,peak.intensity,52.4719967732867,
curve.three,00_Breakage/Ultrasonication/Simons_exp_24,,,10.754625874459,peak.intensity,,
curve.one,00_Breakage/Ultrasonication/Simons_exp_24,36.7733773522543,,,peak.intensity,,
curve.two,00_Breakage/Ultrasonication/Simons_exp_24,,,,contribution,24.7975080700236,
curve.three,00_Breakage/Ultrasonication/Simons_exp_24,,,30.3313138850376,contribution,,
curve.one,00_Breakage/Ultrasonication/Simons_exp_24,44.8711780449388,,,contribution,,
curve.three,00_Breakage/Ultrasonication/Simons_exp_25,,,,ranges,14.7318685012107,
curve.two,00_Breakage/Ultrasonication/Simons_exp_25,,,88.4321808428287,ranges,,
curve.one,00_Breakage/Ultrasonication/Simons_exp_25,303.746607490875,,,ranges,,
curve.three,00_Breakage/Ultrasonication/Simons_exp_25,,,,peak.intensity,57.2909546192993,
curve.two,00_Breakage/Ultrasonication/Simons_exp_25,,,9.9875999097932,peak.intensity,,
curve.one,00_Breakage/Ultrasonication/Simons_exp_25,32.7214454709075,,,peak.intensity,,
curve.three,00_Breakage/Ultrasonication/Simons_exp_25,,,,contribution,26.2539667520269,
curve.two,00_Breakage/Ultrasonication/Simons_exp_25,,,27.4740390130667,contribution,,
curve.one,00_Breakage/Ultrasonication/Simons_exp_25,46.2719942349064,,,contribution,,
